-- phpMyAdmin SQL Dump
-- version 5.2.1
-- https://www.phpmyadmin.net/
--
-- Host: localhost
-- Generation Time: May 15, 2024 at 09:35 PM
-- Server version: 10.4.28-MariaDB
-- PHP Version: 8.2.4

SET SQL_MODE = "NO_AUTO_VALUE_ON_ZERO";
START TRANSACTION;
SET time_zone = "+00:00";


/*!40101 SET @OLD_CHARACTER_SET_CLIENT=@@CHARACTER_SET_CLIENT */;
/*!40101 SET @OLD_CHARACTER_SET_RESULTS=@@CHARACTER_SET_RESULTS */;
/*!40101 SET @OLD_COLLATION_CONNECTION=@@COLLATION_CONNECTION */;
/*!40101 SET NAMES utf8mb4 */;

--
-- Database: `spk_tanah`
--

-- --------------------------------------------------------

--
-- Table structure for table `alternatifs`
--

CREATE TABLE `alternatifs` (
  `id` bigint(20) UNSIGNED NOT NULL,
  `kode` varchar(255) NOT NULL,
  `nama_alternatif` varchar(255) NOT NULL,
  `keterangan` varchar(255) DEFAULT NULL,
  `marketing` tinyint(1) DEFAULT 0,
  `finance` tinyint(1) DEFAULT 0,
  `stakeholder` tinyint(1) DEFAULT 0,
  `created_at` timestamp NULL DEFAULT NULL,
  `updated_at` timestamp NULL DEFAULT NULL
) ENGINE=InnoDB DEFAULT CHARSET=utf8mb4 COLLATE=utf8mb4_unicode_ci;

--
-- Dumping data for table `alternatifs`
--

INSERT INTO `alternatifs` (`id`, `kode`, `nama_alternatif`, `keterangan`, `marketing`, `finance`, `stakeholder`, `created_at`, `updated_at`) VALUES
(1, 'A1', 'Cadek', NULL, 1, 1, 1, '2024-05-13 12:52:40', '2024-05-15 11:39:44'),
(3, 'A2', 'Baet', NULL, 1, 1, 1, '2024-05-13 12:59:04', '2024-05-14 03:39:17'),
(4, 'A3', 'Alue Naga', NULL, 1, 1, 1, '2024-05-13 12:59:11', '2024-05-14 03:39:45'),
(5, 'A4', 'Lampeudaya', NULL, 1, 1, 1, '2024-05-13 12:59:16', '2024-05-14 03:40:12'),
(6, 'A5', 'Miruk', NULL, 1, 1, 1, '2024-05-13 12:59:25', '2024-05-14 03:40:39'),
(7, 'A6', 'Tanjong Deah', NULL, 1, 1, 1, '2024-05-13 12:59:31', '2024-05-14 03:41:19'),
(8, 'A7', 'Kajhu', NULL, 1, 1, 1, '2024-05-13 12:59:39', '2024-05-14 03:41:42'),
(9, 'A8', 'Blang Krueng', NULL, 1, 1, 1, '2024-05-13 12:59:45', '2024-05-14 03:42:11'),
(10, 'A9', 'Lambaro Skep', NULL, 1, 1, 1, '2024-05-13 12:59:52', '2024-05-15 05:55:32');

-- --------------------------------------------------------

--
-- Table structure for table `cache`
--

CREATE TABLE `cache` (
  `key` varchar(255) NOT NULL,
  `value` mediumtext NOT NULL,
  `expiration` int(11) NOT NULL
) ENGINE=InnoDB DEFAULT CHARSET=utf8mb4 COLLATE=utf8mb4_unicode_ci;

-- --------------------------------------------------------

--
-- Table structure for table `cache_locks`
--

CREATE TABLE `cache_locks` (
  `key` varchar(255) NOT NULL,
  `owner` varchar(255) NOT NULL,
  `expiration` int(11) NOT NULL
) ENGINE=InnoDB DEFAULT CHARSET=utf8mb4 COLLATE=utf8mb4_unicode_ci;

-- --------------------------------------------------------

--
-- Table structure for table `failed_jobs`
--

CREATE TABLE `failed_jobs` (
  `id` bigint(20) UNSIGNED NOT NULL,
  `uuid` varchar(255) NOT NULL,
  `connection` text NOT NULL,
  `queue` text NOT NULL,
  `payload` longtext NOT NULL,
  `exception` longtext NOT NULL,
  `failed_at` timestamp NOT NULL DEFAULT current_timestamp()
) ENGINE=InnoDB DEFAULT CHARSET=utf8mb4 COLLATE=utf8mb4_unicode_ci;

-- --------------------------------------------------------

--
-- Table structure for table `jobs`
--

CREATE TABLE `jobs` (
  `id` bigint(20) UNSIGNED NOT NULL,
  `queue` varchar(255) NOT NULL,
  `payload` longtext NOT NULL,
  `attempts` tinyint(3) UNSIGNED NOT NULL,
  `reserved_at` int(10) UNSIGNED DEFAULT NULL,
  `available_at` int(10) UNSIGNED NOT NULL,
  `created_at` int(10) UNSIGNED NOT NULL
) ENGINE=InnoDB DEFAULT CHARSET=utf8mb4 COLLATE=utf8mb4_unicode_ci;

-- --------------------------------------------------------

--
-- Table structure for table `job_batches`
--

CREATE TABLE `job_batches` (
  `id` varchar(255) NOT NULL,
  `name` varchar(255) NOT NULL,
  `total_jobs` int(11) NOT NULL,
  `pending_jobs` int(11) NOT NULL,
  `failed_jobs` int(11) NOT NULL,
  `failed_job_ids` longtext NOT NULL,
  `options` mediumtext DEFAULT NULL,
  `cancelled_at` int(11) DEFAULT NULL,
  `created_at` int(11) NOT NULL,
  `finished_at` int(11) DEFAULT NULL
) ENGINE=InnoDB DEFAULT CHARSET=utf8mb4 COLLATE=utf8mb4_unicode_ci;

-- --------------------------------------------------------

--
-- Table structure for table `kriterias`
--

CREATE TABLE `kriterias` (
  `id` bigint(20) UNSIGNED NOT NULL,
  `kode` varchar(255) NOT NULL,
  `nama_kriteria` varchar(255) NOT NULL,
  `role` varchar(255) NOT NULL,
  `bobot` double NOT NULL,
  `atribut` varchar(255) NOT NULL,
  `created_at` timestamp NULL DEFAULT NULL,
  `updated_at` timestamp NULL DEFAULT NULL
) ENGINE=InnoDB DEFAULT CHARSET=utf8mb4 COLLATE=utf8mb4_unicode_ci;

--
-- Dumping data for table `kriterias`
--

INSERT INTO `kriterias` (`id`, `kode`, `nama_kriteria`, `role`, `bobot`, `atribut`, `created_at`, `updated_at`) VALUES
(1, 'C1', 'Perizinan', 'marketing', 0.5, 'benefit', '2024-05-13 05:25:07', '2024-05-13 05:35:26'),
(3, 'C2', 'Jarak dengan fasilitas umum', 'marketing', 0.4, 'cost', '2024-05-13 05:33:46', '2024-05-13 05:33:46'),
(4, 'C3', 'Harga lahan', 'marketing', 0.4, 'cost', '2024-05-13 05:33:58', '2024-05-13 05:33:58'),
(5, 'C4', 'Jarak ke pusat kota', 'marketing', 0.3, 'cost', '2024-05-13 05:34:21', '2024-05-13 05:34:21'),
(6, 'C5', 'Sarana pendidikan', 'marketing', 0.25, 'cost', '2024-05-13 05:34:41', '2024-05-13 05:34:41'),
(7, 'C6', 'Aksesbilitas jalan', 'marketing', 0.2, 'benefit', '2024-05-13 05:35:01', '2024-05-13 05:35:01'),
(8, 'C7', 'Sasaran pembeli', 'marketing', 0.1, 'benefit', '2024-05-13 05:35:12', '2024-05-13 05:35:12'),
(9, 'C1', 'Perizinan', 'finance', 0.6, 'benefit', '2024-05-13 13:04:37', '2024-05-13 13:04:37'),
(10, 'C3', 'Harga lahan', 'finance', 0.55, 'cost', '2024-05-13 13:04:51', '2024-05-13 13:04:51'),
(11, 'C10', 'Fisik dasar tanah', 'finance', 0.5, 'benefit', '2024-05-13 13:05:03', '2024-05-13 13:05:03'),
(12, 'C2', 'Jarak dengan fasilitas umum', 'finance', 0.4, 'cost', '2024-05-13 14:26:21', '2024-05-13 14:26:21'),
(13, 'C5', 'Sarana pendidikan', 'finance', 0.3, 'cost', '2024-05-13 14:26:40', '2024-05-13 14:26:40'),
(14, 'C9', 'Fasilitas air bersih', 'finance', 0.27, 'benefit', '2024-05-13 14:27:00', '2024-05-13 14:27:00'),
(15, 'C11', 'Sarana transportasi', 'finance', 0.25, 'benefit', '2024-05-13 14:27:21', '2024-05-13 14:27:21'),
(16, 'C4', 'Jarak ke pusat kota', 'finance', 0.2, 'cost', '2024-05-13 14:27:38', '2024-05-13 14:27:38'),
(17, 'C6', 'Aksesbilitas jalan', 'finance', 0.1, 'benefit', '2024-05-13 14:27:53', '2024-05-13 14:27:53'),
(18, 'C1', 'Perizinan', 'stakeholder', 0.76, 'benefit', '2024-05-13 14:34:46', '2024-05-13 14:34:46'),
(19, 'C3', 'Harga lahan', 'stakeholder', 0.7, 'cost', '2024-05-13 14:34:58', '2024-05-13 14:34:58'),
(20, 'C2', 'Jarak dengan fasilitas umum', 'stakeholder', 0.6, 'cost', '2024-05-13 14:35:16', '2024-05-13 14:35:16'),
(21, 'C10', 'Fisik dasar tanah', 'stakeholder', 0.5, 'benefit', '2024-05-13 14:35:31', '2024-05-13 14:35:31'),
(22, 'C6', 'Aksesbilitas jalan', 'stakeholder', 0.4, 'benefit', '2024-05-13 14:35:48', '2024-05-13 14:35:48'),
(23, 'C5', 'Sarana pendidikan', 'stakeholder', 0.32, 'cost', '2024-05-13 14:36:28', '2024-05-13 14:36:28'),
(24, 'C9', 'Fasilitas air bersih', 'stakeholder', 0.3, 'benefit', '2024-05-13 14:36:43', '2024-05-13 14:36:43'),
(25, 'C4', 'Jarak ke pusat kota', 'stakeholder', 0.2, 'cost', '2024-05-13 14:36:59', '2024-05-13 14:36:59'),
(26, 'C11', 'Sarana transportasi', 'stakeholder', 0.15, 'benefit', '2024-05-13 14:37:15', '2024-05-13 14:37:15'),
(27, 'C8', 'Akses jalan ke lokasi', 'stakeholder', 0.1, 'benefit', '2024-05-13 14:37:26', '2024-05-13 14:37:26');

-- --------------------------------------------------------

--
-- Table structure for table `migrations`
--

CREATE TABLE `migrations` (
  `id` int(10) UNSIGNED NOT NULL,
  `migration` varchar(255) NOT NULL,
  `batch` int(11) NOT NULL
) ENGINE=InnoDB DEFAULT CHARSET=utf8mb4 COLLATE=utf8mb4_unicode_ci;

--
-- Dumping data for table `migrations`
--

INSERT INTO `migrations` (`id`, `migration`, `batch`) VALUES
(56, '0001_01_01_000000_create_users_table', 1),
(57, '0001_01_01_000001_create_cache_table', 1),
(58, '0001_01_01_000002_create_jobs_table', 1),
(59, '2024_03_24_173145_create_kriterias_table', 1),
(60, '2024_03_25_050534_create_sub_kriterias_table', 1),
(61, '2024_04_01_043343_create_alternatifs_table', 1),
(62, '2024_05_14_045357_create_penilaians_table', 1);

-- --------------------------------------------------------

--
-- Table structure for table `password_reset_tokens`
--

CREATE TABLE `password_reset_tokens` (
  `email` varchar(255) NOT NULL,
  `token` varchar(255) NOT NULL,
  `created_at` timestamp NULL DEFAULT NULL
) ENGINE=InnoDB DEFAULT CHARSET=utf8mb4 COLLATE=utf8mb4_unicode_ci;

-- --------------------------------------------------------

--
-- Table structure for table `penilaians`
--

CREATE TABLE `penilaians` (
  `id` bigint(20) UNSIGNED NOT NULL,
  `id_alternatif` varchar(255) NOT NULL,
  `role` varchar(255) NOT NULL,
  `id_kriteria` varchar(255) NOT NULL,
  `nilai` varchar(255) NOT NULL,
  `created_at` timestamp NULL DEFAULT NULL,
  `updated_at` timestamp NULL DEFAULT NULL
) ENGINE=InnoDB DEFAULT CHARSET=utf8mb4 COLLATE=utf8mb4_unicode_ci;

--
-- Dumping data for table `penilaians`
--

INSERT INTO `penilaians` (`id`, `id_alternatif`, `role`, `id_kriteria`, `nilai`, `created_at`, `updated_at`) VALUES
(47, '1', 'marketing', '1', '100', '2024-05-13 20:25:59', '2024-05-13 20:25:59'),
(48, '1', 'marketing', '3', '100', '2024-05-13 20:25:59', '2024-05-13 20:25:59'),
(49, '1', 'marketing', '4', '100', '2024-05-13 20:25:59', '2024-05-13 20:25:59'),
(50, '1', 'marketing', '5', '50', '2024-05-13 20:25:59', '2024-05-13 20:25:59'),
(51, '1', 'marketing', '6', '75', '2024-05-13 20:25:59', '2024-05-13 20:25:59'),
(52, '1', 'marketing', '7', '75', '2024-05-13 20:25:59', '2024-05-13 20:25:59'),
(53, '1', 'marketing', '8', '100', '2024-05-13 20:25:59', '2024-05-13 20:25:59'),
(54, '3', 'marketing', '1', '100', '2024-05-13 20:27:25', '2024-05-13 20:27:25'),
(55, '3', 'marketing', '3', '100', '2024-05-13 20:27:25', '2024-05-13 20:27:25'),
(56, '3', 'marketing', '4', '100', '2024-05-13 20:27:25', '2024-05-13 20:27:25'),
(57, '3', 'marketing', '5', '50', '2024-05-13 20:27:25', '2024-05-13 20:27:25'),
(58, '3', 'marketing', '6', '75', '2024-05-13 20:27:25', '2024-05-13 20:27:25'),
(59, '3', 'marketing', '7', '75', '2024-05-13 20:27:25', '2024-05-13 20:27:25'),
(60, '3', 'marketing', '8', '75', '2024-05-13 20:27:25', '2024-05-13 20:27:25'),
(61, '4', 'marketing', '1', '100', '2024-05-13 20:27:54', '2024-05-13 20:27:54'),
(62, '4', 'marketing', '3', '100', '2024-05-13 20:27:54', '2024-05-13 20:27:54'),
(63, '4', 'marketing', '4', '100', '2024-05-13 20:27:54', '2024-05-13 20:27:54'),
(64, '4', 'marketing', '5', '50', '2024-05-13 20:27:54', '2024-05-13 20:27:54'),
(65, '4', 'marketing', '6', '75', '2024-05-13 20:27:54', '2024-05-13 20:27:54'),
(66, '4', 'marketing', '7', '50', '2024-05-13 20:27:54', '2024-05-13 20:27:54'),
(67, '4', 'marketing', '8', '75', '2024-05-13 20:27:54', '2024-05-13 20:27:54'),
(68, '5', 'marketing', '1', '20', '2024-05-13 20:28:29', '2024-05-13 20:28:29'),
(69, '5', 'marketing', '3', '100', '2024-05-13 20:28:29', '2024-05-13 20:28:29'),
(70, '5', 'marketing', '4', '100', '2024-05-13 20:28:29', '2024-05-13 20:28:29'),
(71, '5', 'marketing', '5', '25', '2024-05-13 20:28:29', '2024-05-13 20:28:29'),
(72, '5', 'marketing', '6', '75', '2024-05-13 20:28:29', '2024-05-13 20:28:29'),
(73, '5', 'marketing', '7', '50', '2024-05-13 20:28:29', '2024-05-13 20:28:29'),
(74, '5', 'marketing', '8', '75', '2024-05-13 20:28:29', '2024-05-13 20:28:29'),
(75, '6', 'marketing', '1', '20', '2024-05-13 20:28:54', '2024-05-13 20:28:54'),
(76, '6', 'marketing', '3', '100', '2024-05-13 20:28:54', '2024-05-13 20:28:54'),
(77, '6', 'marketing', '4', '75', '2024-05-13 20:28:54', '2024-05-13 20:28:54'),
(78, '6', 'marketing', '5', '50', '2024-05-13 20:28:54', '2024-05-13 20:28:54'),
(79, '6', 'marketing', '6', '75', '2024-05-13 20:28:54', '2024-05-13 20:28:54'),
(80, '6', 'marketing', '7', '100', '2024-05-13 20:28:54', '2024-05-13 20:28:54'),
(81, '6', 'marketing', '8', '75', '2024-05-13 20:28:54', '2024-05-13 20:28:54'),
(82, '7', 'marketing', '1', '100', '2024-05-13 20:29:19', '2024-05-13 20:29:19'),
(83, '7', 'marketing', '3', '100', '2024-05-13 20:29:19', '2024-05-13 20:29:19'),
(84, '7', 'marketing', '4', '100', '2024-05-13 20:29:19', '2024-05-13 20:29:19'),
(85, '7', 'marketing', '5', '25', '2024-05-13 20:29:19', '2024-05-13 20:29:19'),
(86, '7', 'marketing', '6', '75', '2024-05-13 20:29:19', '2024-05-13 20:29:19'),
(87, '7', 'marketing', '7', '50', '2024-05-13 20:29:19', '2024-05-13 20:29:19'),
(88, '7', 'marketing', '8', '75', '2024-05-13 20:29:19', '2024-05-13 20:29:19'),
(89, '8', 'marketing', '1', '20', '2024-05-13 20:30:27', '2024-05-13 20:30:27'),
(90, '8', 'marketing', '3', '100', '2024-05-13 20:30:27', '2024-05-13 20:30:27'),
(91, '8', 'marketing', '4', '100', '2024-05-13 20:30:27', '2024-05-13 20:30:27'),
(92, '8', 'marketing', '5', '25', '2024-05-13 20:30:27', '2024-05-13 20:30:27'),
(93, '8', 'marketing', '6', '75', '2024-05-13 20:30:27', '2024-05-13 20:30:27'),
(94, '8', 'marketing', '7', '75', '2024-05-13 20:30:27', '2024-05-13 20:30:27'),
(95, '8', 'marketing', '8', '75', '2024-05-13 20:30:27', '2024-05-13 20:30:27'),
(96, '9', 'marketing', '1', '20', '2024-05-13 20:30:48', '2024-05-13 20:30:48'),
(97, '9', 'marketing', '3', '100', '2024-05-13 20:30:48', '2024-05-13 20:30:48'),
(98, '9', 'marketing', '4', '100', '2024-05-13 20:30:48', '2024-05-13 20:30:48'),
(99, '9', 'marketing', '5', '25', '2024-05-13 20:30:48', '2024-05-13 20:30:48'),
(100, '9', 'marketing', '6', '75', '2024-05-13 20:30:48', '2024-05-13 20:30:48'),
(101, '9', 'marketing', '7', '100', '2024-05-13 20:30:48', '2024-05-13 20:30:48'),
(102, '9', 'marketing', '8', '75', '2024-05-13 20:30:48', '2024-05-13 20:30:48'),
(110, '1', 'finance', '9', '100', '2024-05-13 20:32:44', '2024-05-13 20:32:44'),
(111, '1', 'finance', '10', '100', '2024-05-13 20:32:44', '2024-05-13 20:32:44'),
(112, '1', 'finance', '11', '100', '2024-05-13 20:32:44', '2024-05-13 20:32:44'),
(113, '1', 'finance', '12', '100', '2024-05-13 20:32:44', '2024-05-13 20:32:44'),
(114, '1', 'finance', '13', '75', '2024-05-13 20:32:44', '2024-05-13 20:32:44'),
(115, '1', 'finance', '14', '100', '2024-05-13 20:32:44', '2024-05-13 20:32:44'),
(116, '1', 'finance', '15', '50', '2024-05-13 20:32:44', '2024-05-13 20:32:44'),
(117, '1', 'finance', '16', '50', '2024-05-13 20:32:44', '2024-05-13 20:32:44'),
(118, '1', 'finance', '17', '75', '2024-05-13 20:32:44', '2024-05-13 20:32:44'),
(119, '3', 'finance', '9', '100', '2024-05-13 20:33:17', '2024-05-13 20:33:17'),
(120, '3', 'finance', '10', '100', '2024-05-13 20:33:17', '2024-05-13 20:33:17'),
(121, '3', 'finance', '11', '100', '2024-05-13 20:33:17', '2024-05-13 20:33:17'),
(122, '3', 'finance', '12', '100', '2024-05-13 20:33:17', '2024-05-13 20:33:17'),
(123, '3', 'finance', '13', '75', '2024-05-13 20:33:17', '2024-05-13 20:33:17'),
(124, '3', 'finance', '14', '100', '2024-05-13 20:33:17', '2024-05-13 20:33:17'),
(125, '3', 'finance', '15', '75', '2024-05-13 20:33:17', '2024-05-13 20:33:17'),
(126, '3', 'finance', '16', '50', '2024-05-13 20:33:17', '2024-05-13 20:33:17'),
(127, '3', 'finance', '17', '75', '2024-05-13 20:33:17', '2024-05-13 20:33:17'),
(128, '4', 'finance', '9', '100', '2024-05-13 20:34:09', '2024-05-13 20:34:09'),
(129, '4', 'finance', '10', '100', '2024-05-13 20:34:09', '2024-05-13 20:34:09'),
(130, '4', 'finance', '11', '75', '2024-05-13 20:34:09', '2024-05-13 20:34:09'),
(131, '4', 'finance', '12', '100', '2024-05-13 20:34:09', '2024-05-13 20:34:09'),
(132, '4', 'finance', '13', '75', '2024-05-13 20:34:09', '2024-05-13 20:34:09'),
(133, '4', 'finance', '14', '100', '2024-05-13 20:34:09', '2024-05-13 20:34:09'),
(134, '4', 'finance', '15', '75', '2024-05-13 20:34:09', '2024-05-13 20:34:09'),
(135, '4', 'finance', '16', '50', '2024-05-13 20:34:09', '2024-05-13 20:34:09'),
(136, '4', 'finance', '17', '50', '2024-05-13 20:34:09', '2024-05-13 20:34:09'),
(137, '5', 'finance', '9', '20', '2024-05-13 20:34:40', '2024-05-13 20:34:40'),
(138, '5', 'finance', '10', '100', '2024-05-13 20:34:40', '2024-05-13 20:34:40'),
(139, '5', 'finance', '11', '100', '2024-05-13 20:34:40', '2024-05-13 20:34:40'),
(140, '5', 'finance', '12', '100', '2024-05-13 20:34:40', '2024-05-13 20:34:40'),
(141, '5', 'finance', '13', '75', '2024-05-13 20:34:40', '2024-05-13 20:34:40'),
(142, '5', 'finance', '14', '75', '2024-05-13 20:34:40', '2024-05-13 20:34:40'),
(143, '5', 'finance', '15', '50', '2024-05-13 20:34:40', '2024-05-13 20:34:40'),
(144, '5', 'finance', '16', '25', '2024-05-13 20:34:40', '2024-05-13 20:34:40'),
(145, '5', 'finance', '17', '50', '2024-05-13 20:34:40', '2024-05-13 20:34:40'),
(146, '6', 'finance', '9', '20', '2024-05-13 20:35:18', '2024-05-13 20:35:18'),
(147, '6', 'finance', '10', '75', '2024-05-13 20:35:18', '2024-05-13 20:35:18'),
(148, '6', 'finance', '11', '100', '2024-05-13 20:35:18', '2024-05-13 20:35:18'),
(149, '6', 'finance', '12', '100', '2024-05-13 20:35:18', '2024-05-13 20:35:18'),
(150, '6', 'finance', '13', '75', '2024-05-13 20:35:18', '2024-05-13 20:35:18'),
(151, '6', 'finance', '14', '100', '2024-05-13 20:35:18', '2024-05-13 20:35:18'),
(152, '6', 'finance', '15', '75', '2024-05-13 20:35:18', '2024-05-13 20:35:18'),
(153, '6', 'finance', '16', '50', '2024-05-13 20:35:18', '2024-05-13 20:35:18'),
(154, '6', 'finance', '17', '100', '2024-05-13 20:35:18', '2024-05-13 20:35:18'),
(155, '7', 'finance', '9', '100', '2024-05-13 20:35:55', '2024-05-13 20:35:55'),
(156, '7', 'finance', '10', '100', '2024-05-13 20:35:55', '2024-05-13 20:35:55'),
(157, '7', 'finance', '11', '100', '2024-05-13 20:35:55', '2024-05-13 20:35:55'),
(158, '7', 'finance', '12', '100', '2024-05-13 20:35:55', '2024-05-13 20:35:55'),
(159, '7', 'finance', '13', '75', '2024-05-13 20:35:55', '2024-05-13 20:35:55'),
(160, '7', 'finance', '14', '100', '2024-05-13 20:35:55', '2024-05-13 20:35:55'),
(161, '7', 'finance', '15', '25', '2024-05-13 20:35:55', '2024-05-13 20:35:55'),
(162, '7', 'finance', '16', '25', '2024-05-13 20:35:55', '2024-05-13 20:35:55'),
(163, '7', 'finance', '17', '50', '2024-05-13 20:35:55', '2024-05-13 20:35:55'),
(164, '8', 'finance', '9', '20', '2024-05-13 20:36:22', '2024-05-13 20:36:22'),
(165, '8', 'finance', '10', '100', '2024-05-13 20:36:22', '2024-05-13 20:36:22'),
(166, '8', 'finance', '11', '100', '2024-05-13 20:36:22', '2024-05-13 20:36:22'),
(167, '8', 'finance', '12', '100', '2024-05-13 20:36:22', '2024-05-13 20:36:22'),
(168, '8', 'finance', '13', '75', '2024-05-13 20:36:22', '2024-05-13 20:36:22'),
(169, '8', 'finance', '14', '100', '2024-05-13 20:36:22', '2024-05-13 20:36:22'),
(170, '8', 'finance', '15', '75', '2024-05-13 20:36:22', '2024-05-13 20:36:22'),
(171, '8', 'finance', '16', '25', '2024-05-13 20:36:22', '2024-05-13 20:36:22'),
(172, '8', 'finance', '17', '75', '2024-05-13 20:36:22', '2024-05-13 20:36:22'),
(173, '9', 'finance', '9', '20', '2024-05-13 20:36:46', '2024-05-13 20:36:46'),
(174, '9', 'finance', '10', '100', '2024-05-13 20:36:46', '2024-05-13 20:36:46'),
(175, '9', 'finance', '11', '100', '2024-05-13 20:36:46', '2024-05-13 20:36:46'),
(176, '9', 'finance', '12', '100', '2024-05-13 20:36:46', '2024-05-13 20:36:46'),
(177, '9', 'finance', '13', '75', '2024-05-13 20:36:46', '2024-05-13 20:36:46'),
(178, '9', 'finance', '14', '75', '2024-05-13 20:36:46', '2024-05-13 20:36:46'),
(179, '9', 'finance', '15', '75', '2024-05-13 20:36:46', '2024-05-13 20:36:46'),
(180, '9', 'finance', '16', '25', '2024-05-13 20:36:46', '2024-05-13 20:36:46'),
(181, '9', 'finance', '17', '100', '2024-05-13 20:36:46', '2024-05-13 20:36:46'),
(191, '1', 'stakeholder', '18', '100', '2024-05-13 20:38:40', '2024-05-13 20:38:40'),
(192, '1', 'stakeholder', '19', '100', '2024-05-13 20:38:40', '2024-05-13 20:38:40'),
(193, '1', 'stakeholder', '20', '100', '2024-05-13 20:38:40', '2024-05-13 20:38:40'),
(194, '1', 'stakeholder', '21', '100', '2024-05-13 20:38:40', '2024-05-13 20:38:40'),
(195, '1', 'stakeholder', '22', '75', '2024-05-13 20:38:40', '2024-05-13 20:38:40'),
(196, '1', 'stakeholder', '23', '75', '2024-05-13 20:38:40', '2024-05-13 20:38:40'),
(197, '1', 'stakeholder', '24', '100', '2024-05-13 20:38:40', '2024-05-13 20:38:40'),
(198, '1', 'stakeholder', '25', '50', '2024-05-13 20:38:40', '2024-05-13 20:38:40'),
(199, '1', 'stakeholder', '26', '50', '2024-05-13 20:38:40', '2024-05-13 20:38:40'),
(200, '1', 'stakeholder', '27', '20', '2024-05-13 20:38:40', '2024-05-13 20:38:40'),
(201, '3', 'stakeholder', '18', '100', '2024-05-13 20:39:17', '2024-05-13 20:39:17'),
(202, '3', 'stakeholder', '19', '100', '2024-05-13 20:39:17', '2024-05-13 20:39:17'),
(203, '3', 'stakeholder', '20', '100', '2024-05-13 20:39:17', '2024-05-13 20:39:17'),
(204, '3', 'stakeholder', '21', '100', '2024-05-13 20:39:17', '2024-05-13 20:39:17'),
(205, '3', 'stakeholder', '22', '75', '2024-05-13 20:39:17', '2024-05-13 20:39:17'),
(206, '3', 'stakeholder', '23', '75', '2024-05-13 20:39:17', '2024-05-13 20:39:17'),
(207, '3', 'stakeholder', '24', '100', '2024-05-13 20:39:17', '2024-05-13 20:39:17'),
(208, '3', 'stakeholder', '25', '50', '2024-05-13 20:39:17', '2024-05-13 20:39:17'),
(209, '3', 'stakeholder', '26', '75', '2024-05-13 20:39:17', '2024-05-13 20:39:17'),
(210, '3', 'stakeholder', '27', '20', '2024-05-13 20:39:17', '2024-05-13 20:39:17'),
(211, '4', 'stakeholder', '18', '100', '2024-05-13 20:39:45', '2024-05-13 20:39:45'),
(212, '4', 'stakeholder', '19', '100', '2024-05-13 20:39:45', '2024-05-13 20:39:45'),
(213, '4', 'stakeholder', '20', '100', '2024-05-13 20:39:45', '2024-05-13 20:39:45'),
(214, '4', 'stakeholder', '21', '75', '2024-05-13 20:39:45', '2024-05-13 20:39:45'),
(215, '4', 'stakeholder', '22', '50', '2024-05-13 20:39:45', '2024-05-13 20:39:45'),
(216, '4', 'stakeholder', '23', '75', '2024-05-13 20:39:45', '2024-05-13 20:39:45'),
(217, '4', 'stakeholder', '24', '100', '2024-05-13 20:39:45', '2024-05-13 20:39:45'),
(218, '4', 'stakeholder', '25', '50', '2024-05-13 20:39:45', '2024-05-13 20:39:45'),
(219, '4', 'stakeholder', '26', '75', '2024-05-13 20:39:45', '2024-05-13 20:39:45'),
(220, '4', 'stakeholder', '27', '25', '2024-05-13 20:39:45', '2024-05-13 20:39:45'),
(221, '5', 'stakeholder', '18', '20', '2024-05-13 20:40:12', '2024-05-13 20:40:12'),
(222, '5', 'stakeholder', '19', '100', '2024-05-13 20:40:12', '2024-05-13 20:40:12'),
(223, '5', 'stakeholder', '20', '100', '2024-05-13 20:40:12', '2024-05-13 20:40:12'),
(224, '5', 'stakeholder', '21', '100', '2024-05-13 20:40:12', '2024-05-13 20:40:12'),
(225, '5', 'stakeholder', '22', '50', '2024-05-13 20:40:12', '2024-05-13 20:40:12'),
(226, '5', 'stakeholder', '23', '75', '2024-05-13 20:40:12', '2024-05-13 20:40:12'),
(227, '5', 'stakeholder', '24', '75', '2024-05-13 20:40:12', '2024-05-13 20:40:12'),
(228, '5', 'stakeholder', '25', '25', '2024-05-13 20:40:12', '2024-05-13 20:40:12'),
(229, '5', 'stakeholder', '26', '50', '2024-05-13 20:40:12', '2024-05-13 20:40:12'),
(230, '5', 'stakeholder', '27', '20', '2024-05-13 20:40:12', '2024-05-13 20:40:12'),
(231, '6', 'stakeholder', '18', '20', '2024-05-13 20:40:39', '2024-05-13 20:40:39'),
(232, '6', 'stakeholder', '19', '75', '2024-05-13 20:40:39', '2024-05-13 20:40:39'),
(233, '6', 'stakeholder', '20', '100', '2024-05-13 20:40:39', '2024-05-13 20:40:39'),
(234, '6', 'stakeholder', '21', '100', '2024-05-13 20:40:39', '2024-05-13 20:40:39'),
(235, '6', 'stakeholder', '22', '100', '2024-05-13 20:40:39', '2024-05-13 20:40:39'),
(236, '6', 'stakeholder', '23', '75', '2024-05-13 20:40:39', '2024-05-13 20:40:39'),
(237, '6', 'stakeholder', '24', '100', '2024-05-13 20:40:39', '2024-05-13 20:40:39'),
(238, '6', 'stakeholder', '25', '50', '2024-05-13 20:40:39', '2024-05-13 20:40:39'),
(239, '6', 'stakeholder', '26', '75', '2024-05-13 20:40:39', '2024-05-13 20:40:39'),
(240, '6', 'stakeholder', '27', '20', '2024-05-13 20:40:39', '2024-05-13 20:40:39'),
(241, '7', 'stakeholder', '18', '100', '2024-05-13 20:41:19', '2024-05-13 20:41:19'),
(242, '7', 'stakeholder', '19', '100', '2024-05-13 20:41:19', '2024-05-13 20:41:19'),
(243, '7', 'stakeholder', '20', '100', '2024-05-13 20:41:19', '2024-05-13 20:41:19'),
(244, '7', 'stakeholder', '21', '100', '2024-05-13 20:41:19', '2024-05-13 20:41:19'),
(245, '7', 'stakeholder', '22', '50', '2024-05-13 20:41:19', '2024-05-13 20:41:19'),
(246, '7', 'stakeholder', '23', '75', '2024-05-13 20:41:19', '2024-05-13 20:41:19'),
(247, '7', 'stakeholder', '24', '100', '2024-05-13 20:41:19', '2024-05-13 20:41:19'),
(248, '7', 'stakeholder', '25', '25', '2024-05-13 20:41:19', '2024-05-13 20:41:19'),
(249, '7', 'stakeholder', '26', '25', '2024-05-13 20:41:19', '2024-05-13 20:41:19'),
(250, '7', 'stakeholder', '27', '20', '2024-05-13 20:41:19', '2024-05-13 20:41:19'),
(251, '8', 'stakeholder', '18', '20', '2024-05-13 20:41:42', '2024-05-13 20:41:42'),
(252, '8', 'stakeholder', '19', '100', '2024-05-13 20:41:42', '2024-05-13 20:41:42'),
(253, '8', 'stakeholder', '20', '100', '2024-05-13 20:41:42', '2024-05-13 20:41:42'),
(254, '8', 'stakeholder', '21', '100', '2024-05-13 20:41:42', '2024-05-13 20:41:42'),
(255, '8', 'stakeholder', '22', '75', '2024-05-13 20:41:42', '2024-05-13 20:41:42'),
(256, '8', 'stakeholder', '23', '75', '2024-05-13 20:41:42', '2024-05-13 20:41:42'),
(257, '8', 'stakeholder', '24', '100', '2024-05-13 20:41:42', '2024-05-13 20:41:42'),
(258, '8', 'stakeholder', '25', '25', '2024-05-13 20:41:42', '2024-05-13 20:41:42'),
(259, '8', 'stakeholder', '26', '75', '2024-05-13 20:41:42', '2024-05-13 20:41:42'),
(260, '8', 'stakeholder', '27', '20', '2024-05-13 20:41:42', '2024-05-13 20:41:42'),
(261, '9', 'stakeholder', '18', '20', '2024-05-13 20:42:11', '2024-05-13 20:42:11'),
(262, '9', 'stakeholder', '19', '100', '2024-05-13 20:42:11', '2024-05-13 20:42:11'),
(263, '9', 'stakeholder', '20', '100', '2024-05-13 20:42:11', '2024-05-13 20:42:11'),
(264, '9', 'stakeholder', '21', '100', '2024-05-13 20:42:11', '2024-05-13 20:42:11'),
(265, '9', 'stakeholder', '22', '100', '2024-05-13 20:42:11', '2024-05-13 20:42:11'),
(266, '9', 'stakeholder', '23', '75', '2024-05-13 20:42:11', '2024-05-13 20:42:11'),
(267, '9', 'stakeholder', '24', '75', '2024-05-13 20:42:11', '2024-05-13 20:42:11'),
(268, '9', 'stakeholder', '25', '25', '2024-05-13 20:42:11', '2024-05-13 20:42:11'),
(269, '9', 'stakeholder', '26', '75', '2024-05-13 20:42:11', '2024-05-13 20:42:11'),
(270, '9', 'stakeholder', '27', '20', '2024-05-13 20:42:11', '2024-05-13 20:42:11'),
(281, '10', 'marketing', '1', '20', '2024-05-14 22:52:28', '2024-05-14 22:52:28'),
(282, '10', 'marketing', '3', '100', '2024-05-14 22:52:28', '2024-05-14 22:52:28'),
(283, '10', 'marketing', '4', '75', '2024-05-14 22:52:28', '2024-05-14 22:52:28'),
(284, '10', 'marketing', '5', '75', '2024-05-14 22:52:28', '2024-05-14 22:52:28'),
(285, '10', 'marketing', '6', '50', '2024-05-14 22:52:28', '2024-05-14 22:52:28'),
(286, '10', 'marketing', '7', '25', '2024-05-14 22:52:28', '2024-05-14 22:52:28'),
(287, '10', 'marketing', '8', '75', '2024-05-14 22:52:28', '2024-05-14 22:52:28'),
(288, '10', 'finance', '9', '20', '2024-05-14 22:54:24', '2024-05-14 22:54:24'),
(289, '10', 'finance', '10', '75', '2024-05-14 22:54:24', '2024-05-14 22:54:24'),
(290, '10', 'finance', '11', '75', '2024-05-14 22:54:24', '2024-05-14 22:54:24'),
(291, '10', 'finance', '12', '100', '2024-05-14 22:54:24', '2024-05-14 22:54:24'),
(292, '10', 'finance', '13', '50', '2024-05-14 22:54:24', '2024-05-14 22:54:24'),
(293, '10', 'finance', '14', '100', '2024-05-14 22:54:24', '2024-05-14 22:54:24'),
(294, '10', 'finance', '15', '75', '2024-05-14 22:54:24', '2024-05-14 22:54:24'),
(295, '10', 'finance', '16', '75', '2024-05-14 22:54:24', '2024-05-14 22:54:24'),
(296, '10', 'finance', '17', '25', '2024-05-14 22:54:24', '2024-05-14 22:54:24'),
(297, '10', 'stakeholder', '18', '20', '2024-05-14 22:55:32', '2024-05-14 22:55:32'),
(298, '10', 'stakeholder', '19', '75', '2024-05-14 22:55:32', '2024-05-14 22:55:32'),
(299, '10', 'stakeholder', '20', '100', '2024-05-14 22:55:32', '2024-05-14 22:55:32'),
(300, '10', 'stakeholder', '21', '75', '2024-05-14 22:55:32', '2024-05-14 22:55:32'),
(301, '10', 'stakeholder', '22', '25', '2024-05-14 22:55:32', '2024-05-14 22:55:32'),
(302, '10', 'stakeholder', '23', '50', '2024-05-14 22:55:32', '2024-05-14 22:55:32'),
(303, '10', 'stakeholder', '24', '100', '2024-05-14 22:55:32', '2024-05-14 22:55:32'),
(304, '10', 'stakeholder', '25', '75', '2024-05-14 22:55:32', '2024-05-14 22:55:32'),
(305, '10', 'stakeholder', '26', '75', '2024-05-14 22:55:32', '2024-05-14 22:55:32'),
(306, '10', 'stakeholder', '27', '25', '2024-05-14 22:55:32', '2024-05-14 22:55:32');

-- --------------------------------------------------------

--
-- Table structure for table `sessions`
--

CREATE TABLE `sessions` (
  `id` varchar(255) NOT NULL,
  `user_id` bigint(20) UNSIGNED DEFAULT NULL,
  `ip_address` varchar(45) DEFAULT NULL,
  `user_agent` text DEFAULT NULL,
  `payload` longtext NOT NULL,
  `last_activity` int(11) NOT NULL
) ENGINE=InnoDB DEFAULT CHARSET=utf8mb4 COLLATE=utf8mb4_unicode_ci;

--
-- Dumping data for table `sessions`
--

INSERT INTO `sessions` (`id`, `user_id`, `ip_address`, `user_agent`, `payload`, `last_activity`) VALUES
('8Q806uLIqMdeOAm1I9LBOwuYsdLXC9Dy8ODFYTw8', 1, '127.0.0.1', 'Mozilla/5.0 (X11; Linux x86_64) AppleWebKit/537.36 (KHTML, like Gecko) Chrome/124.0.0.0 Safari/537.36', 'YTo0OntzOjk6Il9wcmV2aW91cyI7YToxOntzOjM6InVybCI7czo1MjoiaHR0cDovLzEyNy4wLjAuMTo4MDAwL3BlbmlsYWlhbi9oYXNpbGFraGlyL21hcmtldGluZyI7fXM6NjoiX2ZsYXNoIjthOjI6e3M6Mzoib2xkIjthOjA6e31zOjM6Im5ldyI7YTowOnt9fXM6NjoiX3Rva2VuIjtzOjQwOiJQMUkwVEdyMHR4U3l6UXdvbkdabFdoeUZWbFNRRzFTZmRhT2JGdGxJIjtzOjUwOiJsb2dpbl93ZWJfNTliYTM2YWRkYzJiMmY5NDAxNTgwZjAxNGM3ZjU4ZWE0ZTMwOTg5ZCI7aToxO30=', 1715801634);

-- --------------------------------------------------------

--
-- Table structure for table `sub_kriterias`
--

CREATE TABLE `sub_kriterias` (
  `id` bigint(20) UNSIGNED NOT NULL,
  `id_kriteria` varchar(255) NOT NULL,
  `nama_subkriteria` varchar(255) NOT NULL,
  `role` varchar(255) NOT NULL,
  `nilai` double NOT NULL,
  `created_at` timestamp NULL DEFAULT NULL,
  `updated_at` timestamp NULL DEFAULT NULL
) ENGINE=InnoDB DEFAULT CHARSET=utf8mb4 COLLATE=utf8mb4_unicode_ci;

--
-- Dumping data for table `sub_kriterias`
--

INSERT INTO `sub_kriterias` (`id`, `id_kriteria`, `nama_subkriteria`, `role`, `nilai`, `created_at`, `updated_at`) VALUES
(1, '1', 'Sudah memiliki perizinan yang lengkap', 'marketing', 100, '2024-05-13 05:35:46', '2024-05-13 05:35:46'),
(2, '1', 'Belum memiliki perizinan yang lengkap', 'marketing', 20, '2024-05-13 05:35:53', '2024-05-13 05:35:53'),
(3, '3', 'Jarak ke fasilitas umum <= 5 km', 'marketing', 100, '2024-05-13 05:36:04', '2024-05-13 05:36:04'),
(4, '3', 'Jarak dengan fasilitas umum > 5 s/d <= 10 km', 'marketing', 75, '2024-05-13 05:36:12', '2024-05-13 05:36:12'),
(5, '3', 'Jarak dengan fasilitas umum > 10 s/d <= 15 km', 'marketing', 50, '2024-05-13 05:36:21', '2024-05-13 05:36:21'),
(6, '3', 'Jarak dengan fasilitas umum > 15 km', 'marketing', 25, '2024-05-13 05:36:31', '2024-05-13 05:36:31'),
(7, '4', '<= Rp 1.000.000 m2', 'marketing', 100, '2024-05-13 05:36:47', '2024-05-13 05:36:47'),
(8, '4', '> Rp 1.000.000 s/d <= Rp 2.000.000 m2', 'marketing', 75, '2024-05-13 05:36:57', '2024-05-13 05:36:57'),
(9, '4', '> Rp 2.000.000 s/d <= Rp 3.000.000 m2', 'marketing', 50, '2024-05-13 05:37:04', '2024-05-13 05:37:04'),
(10, '4', 'Rp > 3.000.000 m2', 'marketing', 25, '2024-05-13 05:37:12', '2024-05-13 05:37:12'),
(11, '5', '<= 2 km', 'marketing', 100, '2024-05-13 05:37:28', '2024-05-13 05:37:28'),
(12, '5', '> 2 s/d <= 5 km', 'marketing', 75, '2024-05-13 05:37:37', '2024-05-13 05:37:37'),
(13, '5', '> 5 s/d <= 9 km', 'marketing', 50, '2024-05-13 05:37:46', '2024-05-13 05:37:46'),
(14, '5', '>  9 km', 'marketing', 25, '2024-05-13 05:37:55', '2024-05-13 05:37:55'),
(15, '6', '<= 2 km', 'marketing', 100, '2024-05-13 05:38:23', '2024-05-13 05:38:23'),
(16, '6', '> 2 s/d <= 5 km', 'marketing', 75, '2024-05-13 05:38:30', '2024-05-13 05:38:30'),
(17, '6', '> 5 s/d <= 9 km', 'marketing', 50, '2024-05-13 05:38:54', '2024-05-13 05:38:54'),
(18, '6', '>  9 km', 'marketing', 25, '2024-05-13 05:39:03', '2024-05-13 05:39:03'),
(19, '7', 'Beraspal', 'marketing', 100, '2024-05-13 05:39:10', '2024-05-13 05:39:10'),
(20, '7', 'Beton', 'marketing', 75, '2024-05-13 05:39:18', '2024-05-13 05:39:18'),
(21, '7', 'Berbatu', 'marketing', 50, '2024-05-13 05:39:26', '2024-05-13 05:39:26'),
(22, '7', 'Tanah', 'marketing', 25, '2024-05-13 05:39:33', '2024-05-13 05:39:33'),
(23, '8', 'Investor Properti', 'marketing', 100, '2024-05-13 05:39:40', '2024-05-13 05:39:40'),
(24, '8', 'Kelas menengah ke atas', 'marketing', 75, '2024-05-13 05:39:47', '2024-05-13 05:39:47'),
(25, '8', 'Keluarga muda', 'marketing', 50, '2024-05-13 05:39:53', '2024-05-13 05:39:53'),
(26, '8', 'Kelas menengah', 'marketing', 25, '2024-05-13 05:40:00', '2024-05-13 05:40:00'),
(27, '9', 'Sudah memiliki perizinan yang lengkap', 'finance', 100, '2024-05-13 14:28:18', '2024-05-13 14:28:18'),
(28, '9', 'Belum memiliki perizinan yang lengkap', 'finance', 20, '2024-05-13 14:28:24', '2024-05-13 14:28:24'),
(29, '10', '<= Rp 1.000.000 m2', 'finance', 100, '2024-05-13 14:28:58', '2024-05-13 14:28:58'),
(30, '10', '> Rp 1.000.000 s/d <= Rp 2.000.000 m2', 'finance', 75, '2024-05-13 14:29:05', '2024-05-13 14:29:05'),
(31, '10', '> Rp 2.000.000 s/d <= Rp 3.000.000 m2', 'finance', 50, '2024-05-13 14:29:13', '2024-05-13 14:29:13'),
(32, '10', 'Rp > 3.000.000 m2', 'finance', 25, '2024-05-13 14:29:19', '2024-05-13 14:29:19'),
(33, '11', 'Kemiringan tanah <= 2%', 'finance', 100, '2024-05-13 14:29:27', '2024-05-13 14:29:27'),
(34, '11', 'Kemiringan tanah > 2% s/d <= 5%', 'finance', 75, '2024-05-13 14:29:49', '2024-05-13 14:29:49'),
(35, '11', 'Kemiringan tanah > 5% s/d <= 10%', 'finance', 50, '2024-05-13 14:30:06', '2024-05-13 14:30:06'),
(36, '11', 'Kemiringan tanah >10%', 'finance', 5, '2024-05-13 14:30:24', '2024-05-13 14:30:24'),
(37, '12', 'Jarak ke fasilitas umum <= 5 km', 'finance', 100, '2024-05-13 14:30:37', '2024-05-13 14:30:37'),
(38, '12', 'Jarak dengan fasilitas umum > 5 s/d <= 10 km', 'finance', 75, '2024-05-13 14:30:45', '2024-05-13 14:30:45'),
(39, '12', 'Jarak dengan fasilitas umum > 10 s/d <= 15 km', 'finance', 50, '2024-05-13 14:30:52', '2024-05-13 14:30:52'),
(40, '12', 'Jarak dengan fasilitas umum > 15 km', 'finance', 25, '2024-05-13 14:31:02', '2024-05-13 14:31:02'),
(41, '13', '<= 2 km', 'finance', 100, '2024-05-13 14:31:23', '2024-05-13 14:31:23'),
(42, '13', '> 2 s/d <= 5 km', 'finance', 75, '2024-05-13 14:31:34', '2024-05-13 14:31:34'),
(43, '13', '> 5 s/d <= 9 km', 'finance', 50, '2024-05-13 14:31:43', '2024-05-13 14:31:43'),
(44, '13', '>  9 km', 'finance', 25, '2024-05-13 14:31:48', '2024-05-13 14:31:48'),
(45, '14', 'PDAM', 'finance', 100, '2024-05-13 14:31:58', '2024-05-13 14:31:58'),
(46, '14', 'Sumur', 'finance', 75, '2024-05-13 14:32:05', '2024-05-13 14:32:05'),
(47, '14', 'Sungai', 'finance', 50, '2024-05-13 14:32:12', '2024-05-13 14:32:12'),
(48, '15', 'Bus', 'finance', 100, '2024-05-13 14:32:21', '2024-05-13 14:32:21'),
(49, '15', 'Taxi', 'finance', 75, '2024-05-13 14:32:31', '2024-05-13 14:32:31'),
(50, '15', 'Becak', 'finance', 50, '2024-05-13 14:32:38', '2024-05-13 14:32:38'),
(51, '15', 'Ojek', 'finance', 25, '2024-05-13 14:32:46', '2024-05-13 14:32:46'),
(52, '16', '<= 2 km', 'finance', 100, '2024-05-13 14:32:53', '2024-05-13 14:32:53'),
(53, '16', '> 2 s/d <= 5 km', 'finance', 75, '2024-05-13 14:33:01', '2024-05-13 14:33:01'),
(54, '16', '> 5 s/d <= 9 km', 'finance', 50, '2024-05-13 14:33:07', '2024-05-13 14:33:07'),
(55, '16', '>  9 km', 'finance', 25, '2024-05-13 14:33:14', '2024-05-13 14:33:14'),
(56, '17', 'Beraspal', 'finance', 100, '2024-05-13 14:33:22', '2024-05-13 14:33:22'),
(57, '17', 'Beton', 'finance', 75, '2024-05-13 14:33:31', '2024-05-13 14:33:31'),
(58, '17', 'Berbatu', 'finance', 50, '2024-05-13 14:33:40', '2024-05-13 14:33:40'),
(59, '17', 'Tanah', 'finance', 25, '2024-05-13 14:33:46', '2024-05-13 14:33:46'),
(60, '18', 'Sudah memiliki perizinan yang lengkap', 'stakeholder', 100, '2024-05-13 14:38:11', '2024-05-13 14:38:11'),
(61, '18', 'Belum memiliki perizinan yang lengkap', 'stakeholder', 20, '2024-05-13 14:38:17', '2024-05-13 14:38:17'),
(62, '19', '<= Rp 1.000.000 m2', 'stakeholder', 100, '2024-05-13 14:38:24', '2024-05-13 14:38:24'),
(63, '19', '> Rp 1.000.000 s/d <= Rp 2.000.000 m2', 'stakeholder', 75, '2024-05-13 14:38:30', '2024-05-13 14:38:30'),
(64, '19', '> Rp 2.000.000 s/d <= Rp 3.000.000 m2', 'stakeholder', 50, '2024-05-13 14:38:36', '2024-05-13 14:38:36'),
(65, '19', 'Rp > 3.000.000 m2', 'stakeholder', 25, '2024-05-13 14:38:41', '2024-05-13 14:38:41'),
(66, '20', 'Jarak ke fasilitas umum <= 5 km', 'stakeholder', 100, '2024-05-13 14:38:47', '2024-05-13 14:38:47'),
(67, '20', 'Jarak dengan fasilitas umum > 5 s/d <= 10 km', 'stakeholder', 75, '2024-05-13 14:38:54', '2024-05-13 14:38:54'),
(68, '20', 'Jarak dengan fasilitas umum > 10 s/d <= 15 km', 'stakeholder', 50, '2024-05-13 14:39:01', '2024-05-13 14:39:01'),
(69, '20', 'Jarak dengan fasilitas umum > 15 km', 'stakeholder', 25, '2024-05-13 14:39:08', '2024-05-13 14:39:08'),
(70, '21', 'Kemiringan tanah <= 2%', 'stakeholder', 100, '2024-05-13 14:39:17', '2024-05-13 14:39:17'),
(71, '21', 'Kemiringan tanah > 2% s/d <= 5%', 'stakeholder', 75, '2024-05-13 14:39:27', '2024-05-13 14:39:27'),
(72, '21', 'Kemiringan tanah > 5% s/d <= 10%', 'stakeholder', 50, '2024-05-13 14:39:33', '2024-05-13 14:39:33'),
(73, '21', 'Kemiringan tanah >10%', 'stakeholder', 25, '2024-05-13 14:39:38', '2024-05-13 14:39:38'),
(74, '22', 'Beraspal', 'stakeholder', 100, '2024-05-13 14:39:46', '2024-05-13 14:39:46'),
(75, '22', 'Beton', 'stakeholder', 75, '2024-05-13 14:39:52', '2024-05-13 14:39:52'),
(76, '22', 'Berbatu', 'stakeholder', 50, '2024-05-13 14:39:58', '2024-05-13 14:39:58'),
(77, '22', 'Tanah', 'stakeholder', 25, '2024-05-13 14:40:03', '2024-05-13 14:40:03'),
(78, '23', '<= 2 km', 'stakeholder', 100, '2024-05-13 14:40:13', '2024-05-13 14:40:13'),
(79, '23', '> 2 s/d <= 5 km', 'stakeholder', 75, '2024-05-13 14:40:20', '2024-05-13 14:40:20'),
(80, '23', '> 5 s/d <= 9 km', 'stakeholder', 50, '2024-05-13 14:40:27', '2024-05-13 14:40:27'),
(81, '23', '>  9 km', 'stakeholder', 25, '2024-05-13 14:40:35', '2024-05-13 14:40:35'),
(82, '24', 'PDAM', 'stakeholder', 100, '2024-05-13 14:40:58', '2024-05-13 14:40:58'),
(83, '24', 'Sumur', 'stakeholder', 75, '2024-05-13 14:41:05', '2024-05-13 14:41:05'),
(84, '24', 'Sungai', 'stakeholder', 50, '2024-05-13 14:41:10', '2024-05-13 14:41:10'),
(85, '25', '<= 2 km', 'stakeholder', 100, '2024-05-13 14:41:16', '2024-05-13 14:41:16'),
(86, '25', '> 2 s/d <= 5 km', 'stakeholder', 75, '2024-05-13 14:41:23', '2024-05-13 14:41:23'),
(87, '25', '> 5 s/d <= 9 km', 'stakeholder', 50, '2024-05-13 14:41:30', '2024-05-13 14:41:30'),
(88, '25', '>  9 km', 'stakeholder', 25, '2024-05-13 14:41:36', '2024-05-13 14:41:36'),
(89, '26', 'Bus', 'stakeholder', 100, '2024-05-13 14:41:42', '2024-05-13 14:41:42'),
(90, '26', 'Taxi', 'stakeholder', 75, '2024-05-13 14:41:48', '2024-05-13 14:41:48'),
(91, '26', 'Becak', 'stakeholder', 50, '2024-05-13 14:41:54', '2024-05-13 14:41:54'),
(92, '26', 'Ojek', 'stakeholder', 25, '2024-05-13 14:42:00', '2024-05-13 14:42:00'),
(93, '27', 'Jalan nasional', 'stakeholder', 100, '2024-05-13 14:42:08', '2024-05-13 14:42:08'),
(94, '27', 'Jalan provinsi', 'stakeholder', 75, '2024-05-13 14:42:16', '2024-05-13 14:42:16'),
(95, '27', 'Jalan kabupaten', 'stakeholder', 50, '2024-05-13 14:42:24', '2024-05-13 14:42:24'),
(96, '27', 'Jalan kota', 'stakeholder', 25, '2024-05-13 14:42:30', '2024-05-13 14:42:30'),
(97, '27', 'Jalan desa', 'stakeholder', 20, '2024-05-13 14:42:36', '2024-05-13 14:42:36');

-- --------------------------------------------------------

--
-- Table structure for table `users`
--

CREATE TABLE `users` (
  `id` bigint(20) UNSIGNED NOT NULL,
  `name` varchar(255) NOT NULL,
  `username` varchar(255) NOT NULL,
  `role` varchar(255) NOT NULL,
  `password` varchar(255) NOT NULL,
  `remember_token` varchar(100) DEFAULT NULL,
  `created_at` timestamp NULL DEFAULT NULL,
  `updated_at` timestamp NULL DEFAULT NULL
) ENGINE=InnoDB DEFAULT CHARSET=utf8mb4 COLLATE=utf8mb4_unicode_ci;

--
-- Dumping data for table `users`
--

INSERT INTO `users` (`id`, `name`, `username`, `role`, `password`, `remember_token`, `created_at`, `updated_at`) VALUES
(1, 'Marketing', 'marketing', 'marketing', '$2y$12$HrFN7/W.ubgZvVkZUMnHcer53IRQpvmJdUoaNbf5GFe.uxuIUKyRm', NULL, '2024-05-14 02:50:18', '2024-05-15 10:59:25'),
(2, 'Finance', 'finance', 'finance', '$2y$12$twamFSA6z26WqFmqPvlJlugqonxJdYCGzRBW4DMWD5M2TCGX0dGc6', NULL, '2024-05-14 02:50:18', '2024-05-14 02:50:18'),
(3, 'Stakeholder', 'stakeholder', 'stakeholder', '$2y$12$KPHpWnjHhgqu0pjji8atceKTLlY9jDN/nOCN8irZGHOqnHIx3RQ0G', NULL, '2024-05-14 02:50:18', '2024-05-14 02:50:18');

--
-- Indexes for dumped tables
--

--
-- Indexes for table `alternatifs`
--
ALTER TABLE `alternatifs`
  ADD PRIMARY KEY (`id`);

--
-- Indexes for table `cache`
--
ALTER TABLE `cache`
  ADD PRIMARY KEY (`key`);

--
-- Indexes for table `cache_locks`
--
ALTER TABLE `cache_locks`
  ADD PRIMARY KEY (`key`);

--
-- Indexes for table `failed_jobs`
--
ALTER TABLE `failed_jobs`
  ADD PRIMARY KEY (`id`),
  ADD UNIQUE KEY `failed_jobs_uuid_unique` (`uuid`);

--
-- Indexes for table `jobs`
--
ALTER TABLE `jobs`
  ADD PRIMARY KEY (`id`),
  ADD KEY `jobs_queue_index` (`queue`);

--
-- Indexes for table `job_batches`
--
ALTER TABLE `job_batches`
  ADD PRIMARY KEY (`id`);

--
-- Indexes for table `kriterias`
--
ALTER TABLE `kriterias`
  ADD PRIMARY KEY (`id`);

--
-- Indexes for table `migrations`
--
ALTER TABLE `migrations`
  ADD PRIMARY KEY (`id`);

--
-- Indexes for table `password_reset_tokens`
--
ALTER TABLE `password_reset_tokens`
  ADD PRIMARY KEY (`email`);

--
-- Indexes for table `penilaians`
--
ALTER TABLE `penilaians`
  ADD PRIMARY KEY (`id`);

--
-- Indexes for table `sessions`
--
ALTER TABLE `sessions`
  ADD PRIMARY KEY (`id`),
  ADD KEY `sessions_user_id_index` (`user_id`),
  ADD KEY `sessions_last_activity_index` (`last_activity`);

--
-- Indexes for table `sub_kriterias`
--
ALTER TABLE `sub_kriterias`
  ADD PRIMARY KEY (`id`);

--
-- Indexes for table `users`
--
ALTER TABLE `users`
  ADD PRIMARY KEY (`id`),
  ADD UNIQUE KEY `users_username_unique` (`username`);

--
-- AUTO_INCREMENT for dumped tables
--

--
-- AUTO_INCREMENT for table `alternatifs`
--
ALTER TABLE `alternatifs`
  MODIFY `id` bigint(20) UNSIGNED NOT NULL AUTO_INCREMENT, AUTO_INCREMENT=13;

--
-- AUTO_INCREMENT for table `failed_jobs`
--
ALTER TABLE `failed_jobs`
  MODIFY `id` bigint(20) UNSIGNED NOT NULL AUTO_INCREMENT;

--
-- AUTO_INCREMENT for table `jobs`
--
ALTER TABLE `jobs`
  MODIFY `id` bigint(20) UNSIGNED NOT NULL AUTO_INCREMENT;

--
-- AUTO_INCREMENT for table `kriterias`
--
ALTER TABLE `kriterias`
  MODIFY `id` bigint(20) UNSIGNED NOT NULL AUTO_INCREMENT, AUTO_INCREMENT=28;

--
-- AUTO_INCREMENT for table `migrations`
--
ALTER TABLE `migrations`
  MODIFY `id` int(10) UNSIGNED NOT NULL AUTO_INCREMENT, AUTO_INCREMENT=63;

--
-- AUTO_INCREMENT for table `penilaians`
--
ALTER TABLE `penilaians`
  MODIFY `id` bigint(20) UNSIGNED NOT NULL AUTO_INCREMENT, AUTO_INCREMENT=333;

--
-- AUTO_INCREMENT for table `sub_kriterias`
--
ALTER TABLE `sub_kriterias`
  MODIFY `id` bigint(20) UNSIGNED NOT NULL AUTO_INCREMENT, AUTO_INCREMENT=98;

--
-- AUTO_INCREMENT for table `users`
--
ALTER TABLE `users`
  MODIFY `id` bigint(20) UNSIGNED NOT NULL AUTO_INCREMENT, AUTO_INCREMENT=4;
COMMIT;

/*!40101 SET CHARACTER_SET_CLIENT=@OLD_CHARACTER_SET_CLIENT */;
/*!40101 SET CHARACTER_SET_RESULTS=@OLD_CHARACTER_SET_RESULTS */;
/*!40101 SET COLLATION_CONNECTION=@OLD_COLLATION_CONNECTION */;
